patient_name,birth_date,sex,patient_id,referring_physician
MORALES^CHRISTOPHER,19961228,M,MRN10042,PATEL^PRIYA^DR
SMITH^MICHAEL,19541023,M,MRN10043,GARCIA^LUIS^DR
BREWER^WILLIAM^S,19410518,M,MRN10044,CHEN^WEI^DR
ROY^STEVE,19890517,M,MRN10045,THOMPSON^JAMES^DR
SANDOVAL^DIANA,19591010,F,MRN10046,PATEL^PRIYA^DR
GARCIA^DEREK,19910611,M,MRN10047,GARCIA^LUIS^DR
OCONNOR^JON^J,20020315,M,MRN10048,CHEN^WEI^DR
MCLAUGHLIN^ROBERT,19641128,M,MRN10049,THOMPSON^JAMES^DR
BATES^SUSAN,20050301,F,MRN10050,PATEL^PRIYA^DR
JONES^DOUGLAS,20190623,M,MRN10051,GARCIA^LUIS^DR
WILLIAMS^SARAH,20050402,F,MRN10052,CHEN^WEI^DR
MENDOZA^CHRISTOPHER^K,19571217,M,MRN10053,THOMPSON^JAMES^DR
HANSON^SOPHIA^U,19530521,F,MRN10054,PATEL^PRIYA^DR
POWELL^BRANDI,19550218,F,MRN10055,GARCIA^LUIS^DR
CHARLES^THOMAS,19590706,M,MRN10056,CHEN^WEI^DR
DANIELS^SYDNEY,20050214,F,MRN10057,THOMPSON^JAMES^DR
WILSON^SHERRY^G,19620523,F,MRN10058,PATEL^PRIYA^DR
WOODWARD^KRISTA,19770628,F,MRN10059,GARCIA^LUIS^DR
HOOD^JESUS,19940723,M,MRN10060,CHEN^WEI^DR
JONES^ANGELA^H,19920704,F,MRN10061,THOMPSON^JAMES^DR
PHILLIPS^RODNEY,19890518,M,MRN10062,PATEL^PRIYA^DR
COX^MARK,19770715,M,MRN10063,GARCIA^LUIS^DR
MOORE^WENDY^H,19880906,F,MRN10064,CHEN^WEI^DR
JACOBS^MICHELE,19630828,F,MRN10065,THOMPSON^JAMES^DR
MILLER^RODNEY^B,20090126,M,MRN10066,PATEL^PRIYA^DR
RUIZ^MITCHELL^L,19600505,M,MRN10067,GARCIA^LUIS^DR
BROWN^TIMOTHY^T,19751102,M,MRN10068,CHEN^WEI^DR
GOODWIN^ROBERT^R,19681225,M,MRN10069,THOMPSON^JAMES^DR
BUTLER^JACQUELINE,19651105,F,MRN10070,PATEL^PRIYA^DR
